[
  {
    "region": "Gafsa Governorate",
    "country": "tn"
  },
  {
    "region": "Gouvernorat de Beja",
    "country": "tn"
  },
  {
    "region": "Gouvernorat de Ben Arous",
    "country": "tn"
  },
  {
    "region": "Gouvernorat de Bizerte",
    "country": "tn"
  },
  {
    "region": "Gouvernorat de Gabes",
    "country": "tn"
  },
  {
    "region": "Gouvernorat de Jendouba",
    "country": "tn"
  },
  {
    "region": "Gouvernorat de Kairouan",
    "country": "tn"
  },
  {
    "region": "Gouvernorat de Kasserine",
    "country": "tn"
  },
  {
    "region": "Gouvernorat de Kebili",
    "country": "tn"
  },
  {
    "region": "Gouvernorat de Kef",
    "country": "tn"
  },
  {
    "region": "Gouvernorat de l'Ariana",
    "country": "tn"
  },
  {
    "region": "Gouvernorat de Mahdia",
    "country": "tn"
  },
  {
    "region": "Gouvernorat de Medenine",
    "country": "tn"
  },
  {
    "region": "Gouvernorat de Monastir",
    "country": "tn"
  },
  {
    "region": "Gouvernorat de Nabeul",
    "country": "tn"
  },
  {
    "region": "Gouvernorat de Sfax",
    "country": "tn"
  },
  {
    "region": "Gouvernorat de Sidi Bouzid",
    "country": "tn"
  },
  {
    "region": "Gouvernorat de Siliana",
    "country": "tn"
  },
  {
    "region": "Gouvernorat de Sousse",
    "country": "tn"
  },
  {
    "region": "Gouvernorat de Tozeur",
    "country": "tn"
  },
  {
    "region": "Gouvernorat de Tunis",
    "country": "tn"
  },
  {
    "region": "Gouvernorat de Zaghouan",
    "country": "tn"
  },
  {
    "region": "Manouba",
    "country": "tn"
  },
  {
    "region": "Tataouine",
    "country": "tn"
  }
]