<?xml version="1.0" encoding="UTF-8"?>
<project-private xmlns="http://www.netbeans.org/ns/project-private/1">
    <editor-bookmarks xmlns="http://www.netbeans.org/ns/editor-bookmarks/1"/>
    <editor-bookmarks xmlns="http://www.netbeans.org/ns/editor-bookmarks/2" lastBookmarkId="0"/>
    <open-files xmlns="http://www.netbeans.org/ns/projectui-open-files/2">
        <group>
            <file>file:/C:/Users/MisterSpy/Desktop/pidevmobile-master/src/GUI/ajouter_compteController.java</file>
            <file>file:/C:/Users/MisterSpy/Desktop/pidevmobile-master/src/com/codename1/main/Session.java</file>
            <file>file:/C:/Users/MisterSpy/Desktop/pidevmobile-master/src/GUI/SignUpController.java</file>
            <file>file:/C:/Users/MisterSpy/Desktop/pidevmobile-master/src/service/loginServices.java</file>
            <file>file:/C:/Users/MisterSpy/Desktop/pidevmobile-master/src/com/codename1/main/Controller.java</file>
            <file>file:/C:/Users/MisterSpy/Desktop/pidevmobile-master/src/GUI/AProposController.java</file>
            <file>file:/C:/Users/MisterSpy/Desktop/pidevmobile-master/src/com/codename1/main/BaseForm.java</file>
            <file>file:/C:/Users/MisterSpy/Desktop/pidevmobile-master/src/GUI/StatEvController.java</file>
            <file>file:/C:/Users/MisterSpy/Desktop/pidevmobile-master/src/GUI/AlbumController.java</file>
            <file>file:/C:/Users/MisterSpy/Desktop/pidevmobile-master/src/GUI/ProfilController.java</file>
        </group>
    </open-files>
</project-private>
